name,Agent Address,Avatar Addreses,Discord Username,Email Address,Agent Address,Avatar Addreses,1 NCG Transaction,1 NCG Transaction,Agent Address,Avatar Addreses,1 NCG Transaction,1 NCG Transaction,Agent Address,Avatar Addreses,1 NCG Transaction,1 NCG Transaction,Agent Address,Avatar Addreses,1 NCG Transaction,1 NCG Transaction,Agent Address,Avatar Addreses,1 NCG Transaction,1 NCG Transaction,Agent Address,Avatar Addreses,1 NCG Transaction,1 NCG Transaction,Agent Address,Avatar Addreses,1 NCG Transaction,1 NCG Transaction,Agent Address,Avatar Addreses,1 NCG Transaction,1 NCG Transaction,Agent Address,Avatar Addreses,1 NCG Transaction,1 NCG Transaction,Agent Address,Avatar Addreses,1 NCG Transaction ( Paste the Tx : Clan Leader > Clan Memeber ),1 NCG Transaction ( Paste the Tx : Clan Memeber > Clan Leader ),Agent Address,Avatar Addreses,1 NCG Transaction ( Paste the Tx : Clan Leader > Clan Memeber ),1 NCG Transaction ( Paste the Tx : Clan Memeber > Clan Leader ),Agent Address,Avatar Addreses,1 NCG Transaction ( Paste the Tx : Clan Leader > Clan Memeber ),1 NCG Transaction ( Paste the Tx : Clan Memeber > Clan Leader ),Agent Address,Avatar Addreses,1 NCG Transaction ( Paste the Tx : Clan Leader > Clan Memeber ),1 NCG Transaction ( Paste the Tx : Clan Memeber > Clan Leader ),Agent Address,Avatar Addreses,1 NCG Transaction ( Paste the Tx : Clan Leader > Clan Memeber ),1 NCG Transaction ( Paste the Tx : Clan Memeber > Clan Leader ),Agent Address,Avatar Addreses,1 NCG Transaction ( Paste the Tx : Clan Leader > Clan Memeber ),1 NCG Transaction ( Paste the Tx : Clan Memeber > Clan Leader ),Agent Address,Avatar Addreses,1 NCG Transaction ( Paste the Tx : Clan Leader > Clan Memeber ),1 NCG Transaction ( Paste the Tx : Clan Memeber > Clan Leader ),Agent Address,Avatar Addreses,1 NCG Transaction ( Paste the Tx : Clan Leader > Clan Memeber ),1 NCG Transaction ( Paste the Tx : Clan Memeber > Clan Leader ),Agent Address,Avatar Addreses,1 NCG Transaction ( Paste the Tx : Clan Leader > Clan Memeber ),1 NCG Transaction ( Paste the Tx : Clan Memeber > Clan Leader ),Agent Address,Avatar Addreses,1 NCG Transaction ( Paste the Tx : Clan Leader > Clan Memeber ),1 NCG Transaction ( Paste the Tx : Clan Memeber > Clan Leader ),Submitted At,Token
Earlybirds,22387aeeB534aB422F03dBc5711F8a1D9A3c8700,Ba5e4686B35826FbaD57fb1147B1C23eB474d0cB,globinku,tibanahh@gmail.com,8766d2BDFF3fcF459AB2Eefe4eC63BE1BE797CDe,D2Fd1371B2DFc6aEBEC8813bf96FA5D0Fe6e5ED0,eb10eff8d347154b21fcde9a22ad4c8e1607873e8d2ac3a741a0b8b2aa7dc984,0819613b26ac9df378b6d10c4c564ef2d2c0f655ac6a5096d54d3ed216074c9a,F17C2511F62cCCFFbC5B434A139bA7c3B080886c,89aF59Ec774CaE0A33f005b765ab1578ef79F653,325f0ab9e60a4a44caabd0f09e16bc9eda09ec2210c6f7a30c25908368de81bb,0b055f7620c68959f1619b0d7222759b8c888a6a19189e9c8e6d0371caabb773,A14073045efE37D10b72Eb60570Ac4bD19ce7451,2765B64b61818F86337Cb48f2175946190e6caB0,3d7709f014a0de79d7fcb20722fceecfe35f1fb95a8c60fa0c37cef56c56445e,1a8cff7a5ee6e7783bf5ed4ed0edb14966c67fd0bd311ba147459c10c24482d9,ca0DA2d4DA502F0826236331592d619a1256695f,1157bAC00E3992CAA40dA4bc07943B73a53bA713,ebdb6094a70f9bf73531220d3417e864793b7720c46ed269c793047d8f2e27d6,6b49cdf0cbe20316ce033c10fc76c7300d908691596d6e9457441c94f3652469,2B149CAb29897a77ab37d52a48b4e8F94cCd7F7C,28dFfB668e40d83662E0Dc11DE380F505dc987EA,6fb2941884e98d5cfca62c38eeaf83c6fb3a6d1649355df212ba44bbe1cf8664,31c3fe5f5219aa98315d7ccc5ad71bd22ea18386560ab6519153b2719dbe6304,B184f0A571a96dcbe0424E64d60641BD78377F86,4ab5De15315d1717FD8D225ddE28239A77F78A4B,08af05aef3c810720495d6cbe6a5b78d94684b343a6b9b9cc49bc8eae514adcf,af152497e99932d627143d404ffecc748d30a6eeff16747a70429ba702f7272a,67e93b076cA12beBe2711202B174E0A0e676D696,5C8275c80dF631cf02eF5c3233C98aE285880240,8ba929174200c71f9fa9ca3cffd9eda75db094650fddc1fe5363a34132bfb90b,a8a40bf45caa0e288ac5f4a4083f3ac92930c37df53f8d45922182e4764362f7,169A8bd80581C86988d4D109421Dcc5FE10727ea,4f320bEfa8547BE94Eb45D8c77d768885E2547D2,91ccedec8996f8d8a81825c9d532be5136c5a34cc8f75f8256388fc333833b2f,cfce182afb0ef019ef606276bb3e4872cf9462402777f87b0437b1f2123a8d48,5CA8FfbBD1CAA0854a1A9B8DBE0F1cacB7fb79BD,9B62dAE48174c3eF9ea26bf83959001c97678535,b0f9fc0a2eca590ca9686ccaedc445182424def0193afad2a24288d663e6fdab,20ff8d04bc10e099a37c9472bc3ebdbe5a77163baa4ef0b4f09cf12ab077990d,5eCB61F1197199f99A1c4a9544b52653Aa977c93,cb6c504d80bAF555Fe7FB58200432269c7a9AFD0,1e3ca0258fb97b269061f6fc25a2a3b8e20801bd5faeac76555eaca60c06939f,98eeff809519ab032fa015336959fef168846688f132ab0a8d9ccda1f9351731,,,,,,,,,,,,,,,,,,,,,,,,,,,,,,,,,,,,,2/6/2025 3:03:53,hux8zzswbo8quvoir5v05hux8zzs4bdv
NineLives,103a0c768bbbfa661a05883b3b5ce5c039bc7076,3a24f80fb9c081729840c79d34f239224f61c405,shark.ba,quangba496@gmail.com,52DE13A22b48C1f6821B5D32FBbEDbcD0C8E4934,bBa6eD3fe14193b5A241dF22c50df6383E8c555D,8c29a84a6fdf5c414c0bd2c12089dcd8701ad54e726c51c80af80fad258352b6,f52b4729a64a0cb4fc13675bd7677f5da0049baf2ac77bf234fb755973d63294,2211d60a5be2905F8b75EC6eb68C61CB0713D54D,78aeae86d7309b0dc8d2407f5069a74ab14047dd,7ee651eadd7553e5df5d52260c0240d5c53dbb9fdae930d12001c82555413917,7db4cc73cd7aebbefa86e5e8b8a5fe7727a533d886db2119a3e49c74b59e4b7c,464D5b13823D1d15b32AAAaE8ba160c66cB7d8d6,e0de4fdf0369eecf512dfa40f12edef756bf2974,692d3c75d32a7fe0e4bada6a4fcb53270eb91d8022d56e19c6f7c060036339fe,b905de9da9990e05211c0a3ad980e3ca495a992dd9ff3b3d6a477499c0f3ec2a,1afde7849efbe317d058890bf5463b67da33d8ed,571b99930822d95c867eaf75b74daf3301a1bc06,836402e5a0ce93214688e767e804f1905dd3f4d14b88b2ad875f046358edbef4,aacb873b6dbfdc82b71f383818f18278e7f17ef0c093ecb3f9ce024060559f79,9b0d3C97421f4CBa1043cb91F338B12D03835982,cf1270e34b683fb42c9c4339e2a72c3d474f8db4,4885aa15d03ff8cdbbb6437c9b204e04284e76f84047e621d5f86d413a8de3e7,1ed6af4858a900e75f1b4aed7385454c9fe8789343cad2d88afc16b489c7ad1b,112D2504B53E06339c63C92A79867549164FCe83,D87825c96b55D1E593DCCD5D5471669759eAA40B,b1100ed54913c3ddb824c9d9c79bc14c10cb6127834dcabb4e4f0812bf7f5914,b21f0466db4c4b87346ac6e83eba1fcfd518697fb2e69f68d76831aef18a676f,883dC19cec1ADd1C7fbab1290C8384bb9cb90d83,732a63542e63ad6c35c44959272c4094f49f9871,9047dd21e081a77e85907e1cbba398c56b72153087c0950641f3c3bf436e9e6d,7f3651ed13e94994eba32de56fdae1296479af08a8b6dc094e52c6e353fbb32b,10e7c3307652BEfd745D942046F8cBB6827bC728,713cadf31e9b5f49d35623d87309961f51c96252,3fa8a309cc383f9aff67ccb155c840a4847b9686a9a4adc88d04adf9e1cbe0ba,a68367a8520f725eafa590dc6577a91a53276cdc5687ba09734368d5a4fc0b44,906825F650fdE13C2AA6fF0ce382fc31493b0382,ade6ebee292e8ccc0c9b04525b35246fe2ce2ad6,3d0cdec048ea3ad56043ca6948ecf3293dfdc789d58d2fe5807ff694b4cd75de,e78647b38acba0e084bb7135f2277b671d9b0989e7b2c1304f5bb2955b93dd49,e6F7b3ff35C819D98d33b82A9Eb8c4d76d7670A1,74C4617dDf6D04aC3c7Ff0f5425C352C0249C755,0f4898d0b30b6bf5636239ba868af49135800d306d90755d6c5d70455deb73e3,b50fdb3c289999bb1e803eb3bcaefc66be84b23aabd6a7204f99e6f5941933d2,e7d3aAa5238525Faa3a1A69aed29df684a8aeC3f,96f3f92a97cb0d7a7b5bebfb80259a0a9bfd54e6,5ca3f030f8cdbc9472e22aef6f8686f36f99a99fb46c19cc6cb07c5705982d6b,5c84c5c502074e8eaabe974e23ad9d6bff65c505a459ddbf2c9a5a401fbe1b3b,,,,,,,,,,,,,,,,,,,,,,,,,,,,,,,,,2/8/2025 2:58:33,9ejpy1xjoklh50pkys9519ejpy1xjo3o
Multination,1a27c2ce87b0b1Bfc58b00C864a003EC613149Ce,0146392e479199f68b5c4d8673087b99ad5c44be,k1ne,kiendo5695@gmail.com,328B2f94BbbA6C6EcE14aAc834bB5C9b07cC5721,67DA6A06c7831887025b755c5200C48FFC90C2Eb,0a5671bc98855212cfd3b65562299a7b225940615577909dd03a0fc3599086ca,8003c325192b85bb2c01b89b0bb333041c48872106d3cf250f62694f0256817b,2ea9dbca485b3F42632eddb778DF6E060e52B457,00A7e34B28318192a9dBbDD796a6E8e8f1f6062a,2cbba3fff3bb78b9081f74546f31d952aa9bb768df5a425e5273057c3b2dfb8b,d9a928c090d886e9241c248261780a4cedcc9702bd2c348eea1d310f2d9c4527,AA976196bb25dD99356Efa09FcDbE645c040e2A7,BaAda0DA471473244cEEb1049278F71da17956f0,3db3750627093273f786b19f690d402bf513f020d573c85e05bf8d28c81f84c3,ef19ca7d8956f88dc3e1a91283e18ec495332f3ebeca62090f119fd8a663f819,04af19Ec19D174114A83036188533ca8c8962265,13cfe4ff836dbf0ca36abddfcb3da96e78392739,3473797d62462cb6329784adebd142077aea822f25b1e5c1957b9e958c20286b,7b898255497704267de17a80cdf8b7709b805a5d55e8c4c08546a44108a641dc,60ddb5b106caB2935B4c5586782ED531e060C783,be49f5dc8937d04201b47030357e3f4c84f882a1,c197bb1e1a0fa2b5ac292ac1ff5ca5e15a1e28a9c87ebf23d44c4c94e5c328c1,2b84f9f394f961451b2e28c913b66e39f86f06d8d8dfc3e0263a0c796a629834,cBF994F10c44931E84f2B793C27ffb4e37F594c5,451901c8e568c0baae41962d5b41f35d031e7823,28b95acd4585a4b1037fbee6b2b83637d39408bfd557f90c41c15189d103ac9d,748bfdaf4a486aaa4a6a9cff575187048389ea17f570440d9d8f6ed2dd6dbd8e,333341B86Ee9123FA0FD86119fE75ad110bD5150,8739cdf0f11ef7d930ce812698a4ddc17c384ec4,bd86fcffe9618ca595e371d582f63e2a0aae440cb52bef938ad29855ebe1ace0,21504b3fde09aa753ebbcc8804714923159eaa9b9e605d79e4659bed7b453de7,2db535C5a29c018e54283A1bef2e65e29Dd1bA91,e8cabf815089af9c901dc9f375a0e3b78bd3351b,ee8729b7b0362e2de9632f8cec481eedaabaf08563c2679f8e307ba72eeaadcb,a6d79e0bc271fe2342435829d8a41e7919993522126e175775c142422aca95ed,5Ff35533991A4f26db10453a1131F52AB6044D94,6d0240f5742812a6c6c5ed3794198524c1f284ef,df83e394b75bdea133926aa6ab3300ed05fb28efe04d130f7e8023eb60eda760,58b69bf2f0f008032b66d67c6656b67b4368c9e8add9ed67d287bcc3d8429705,D2E6AD58E7dAa1ddFfF3A0C3391C0d4A4A92e1be,dcd52148aa94e4658180642627b6cb967dda5751,e6af611057dafc0636cac4b51c74b7642d17386ec9f9615bf60761430b234866,998c340b49f11cf539e01d835c5a678f7a1dd7de0c6873cb8768f840c05a9c62,8863a0B485Cd1e4Aa4E43B64a7240b19dfeb2b7f,1Db742931EC5CbddF647E7f72c27bB0A794C8953,e585b50deedf53b81883f54cc307e4f3841901e046481b6deddf061590cc68e7,4d67f21a21f948db02673fe172a0ae33cefdfbafbc90f7f3cf067352fabcf73f,,,,,,,,,,,,,,,,,,,,,,,,,,,,,,,,,2/9/2025 2:26:55,o1f1vhifgkh5ko1f1evrg4nqzrv00svy
Mjolnir,3BdC87fAb06CF3358F87c0368b3086f288f7a95f,9e4405dfd2b25d31a491fe693f08229cd6490804,somaking.,pil5744@gmail.com,0e82106B51630C52793EF33Fcc2b2563BecE32Ef,F56B360B0ebF571daD1A0f9669CE51aDc07027ab,d5850560e6cf01e8bf2b234b9ce78dda6a0e7dd97d8ddf466165c35a2f1868c0,3580b54b836a18bd41a40955c7b56de1d43f445b31a55af7fc481282c10e8a19,e99A3bb10490004a1A1Efc919a95D1295441003f,e71Ef490B91BE9aBb7f065016B797E4B91A73D74,a99fa3ae6c646588a6a8221888ac5709aec7b515d8e0a77ff575c858dca855a0,1da780fe550cebca35e0d0a7427162fdbae5c83cd4a956a3168de62e38c97bff,640Ea05b28B855fdE6cE1f78FaB0667fD1a1EB5e,77390AD2518De1D7Bb6e1BF3b6Dcec3a2cfa65e2,3ddf4300c3624438a8bc0e2cae3d4245f2307c85e3f3f8a959ab5a93be919561,2d580239b03901f68f0f313cc122552e7021175919cd440b56899cfe528cd7f2,1423dAC12349ed670393C17E7725764A06fC16EF,a499356353b7198fad3742B890Aa6eF8c135D987,c2a9f7b674453f64522771a343aa45d1b30e17cc2c40bdea2eefd0769f22af00,b951c6b2b93930e4cf033657a3dd775c2fa483344da84ca89caf4f7a0612361a,D0697AA2285b8561068Fb99c7b3B1EE4E06C9146,95df761dd1a656020dE0A91f9e3210a2026Be035,3a483dba98d04471c822f94a4c918531fae3e6c794af5ba2ccd8cdc0f303c532,eb46c5d98778b3bf43b70a275edcf8bf29142c9f5892e48a2d2b1ab6ba902534,5f1b44CBD1153E23101126def96c68F62C863974,e4f384d2d00fcf2a9065725756b5087ccdaa9542,a0711e754562f1444788d9c524a605ac1576fbabf8414a6463996c827c71ff7c,47b4cfa6cce2066a26bccfafdecee17a3659ca4bb2a24a7649e87a4b8d6eef8c,f4ae81f88a0e3d63970a6f182fabef3a67326629,f16902378358337c744a48d94d319aacfc4662ed,3a9271d227b01b05db3ea88f03c14b78a1278a88ca07bea59ee67d7c8f32e17b,eaec6d5deb773d832e55c229000a7585beb5438b24dc75b99ea149f6ef502ee2,aBE18626252b9AAeeaB99258A3Dc41B77aBA8b53,c77364fc03736eb3f1c95e3979b1896dcb1e4013,e080b7508f57b88c58a5b0f92763a6607dffac2697049c200847420b68ab9539,2e4827224ee88748afaab655cc164e172a3a484c8adb4ff8d96996bc75456fb2,5530Af541441dFaad72bef90689a96F5C59B11FA,eecd13be6aeb1fc3565e9e7737486eaaed988269,22853cda49d3424136fb950efd9ff81f35e80c028d57f55ee4da5620bc1e1970,74c2045413a09c594cc58e6f5678c7ede47a372a692f15b347e5bb834e20a255,47769daf5809898e99fb39656ef8eaf85b26a53d,862ae79f48787fbe3e597222e952a205a05dad6c,938691174f7fabc6f15b2972b78b4f6ec05d016a2ba45abd3fb99e9a38cf6764,b9263a2c39cf9432ac97028ea38c2735b5e077af1b97883f861053c87ed4c7d1,00463DFEd94322d36A8E0D155eC3B98432C5FdE6,AfC739561a0c451dcf1458CCb56c03b20dB7fC62,a76bbbc1ea57696d1a37154b1dc0f44d4944d201a5d3616552606631908da97b,c7ce7c68abfa25c4245a6979cbff220ccbbbd203a0c33c3acd9104e9c223fb41,b33d8cF53b82A78c5Ce1938849cfAAC1a7B81230,ac7255bf042c6ebe6ae13469580b86f2679a4805,8cdb7ae8f2488095abbcbfe169eacd55834149fdc83c7be12839bda8ad4e180b,edeb804925ae6da12396c586e22571370bc086ee26d8638e3f5bbb4114390874,,,,,,,,,,,,,,,,,,,,,,,,,,,,,2/9/2025 3:23:36,t2uhei7ybnys7kqqyt2uhe3t5whatf57
Crazy Cats,9c803f9b426f7697542A66C04A99011d88c791A5,EDc142BEf5680ec12408799Ba8F244eFBfe37eE6,2ristby,2ristby@gmail.com,71bD8667fb68B76e442d7f1eB5dCd30A0A74e0FA,49c89ba4b8830dc2eb0b85841c8efa740cd1a8cb,84c70e7fdde4c3460ea8aba17926ab7defe9741bc7b97737c7a71ec82a0fea06,84a207301971f19bd4e3001471e711f34819083e93c96b5cb050169a98ed5238,f972D8998A1c3ced596BA90274148Bf31dce7959,4f57b1e0ed4e14208444432ba05067d98e30edc1,c8c2f108cedce6c15c8bfdd59ca77c1c06d496f05619b451d58eb23c36c184ea,ca85ac6a64dbf75f2dc79a5a59813231f8d882b45e4d32b343a716d2bd115b50,F1ac24C415b4aB7BcA0a7D7D983B62326ad83556,76cc2746ac35eadcc16b08183ce7194eed277947,5ba042dbe22f72296795d17f464f0c55e1f3ffc9cfb2a3b482f3a22262e99bf3,175c6a5e94a889e9b38090daead0f87ca9008f8501bf45f94b8ec3c5a6ad4774,7F329f87a04F00f44b579A826F3EF3A309d14faA,d80baa7c672d0f473bcef19aed95d89d0427803d,ec3a73006145ae12b51a43f809581ee0df22dc9033db67020ebc33dcb729f47d,2c84c85576d2ab208a8f83fe29d6eeeb9f0995dc8b73d7db49e10cededd9c97d,311e6f564C2A7F319565703D7C649c3ed09e0B6d,e3E01E968E9B1193d278c928794Bc25D43898046,de401bd70f0bb9261ff3b0a79a034a85a7e0666f0c7a3abdb80f5a8f50fe39a8,563d895c71dbcc438e560d112249c6436803e1981b39311ee27b4340221cb29e,9B5b714fa4317B25b3787b4c7EEd50C37340CE7c,cAD62651E8329309451b156234815E329e5a15C6,4284a7dd3053ca747bb943bc60a1c0c76a01bab24d586d77f06d4d115ba7e513,3308a3b76065b4bc00b42b1ea1ef9d37cfe40060bec32dcbf9bdf24475b75311,4aE3C015ABC141298182a5d684bE34DF60fA708e,2cf23cE9AFeC260a76B81F3a0CB121dBf83099b0,a6f5f0a11811071b921a14b63d59b24f2f1a863a56971761f40e88a367c0f665,4794b87670f04f931232839f65d47f850610378f0f7162caf2bab1c883f3d934,6615A3F354faC9d392FA59D977dF7E25C9240633,6a5449ad6b0ed93f8977dfc4cac3b7eae3760e88,c489bbf804df3868120aaab0fc58dff96e1f8599655e9f091dd94de31ccfdaa8,cc0f95ecaeb368980fa39c1bd596ac4ddc767fa12f90f65e24ace9f7abc753b8,D6811a84CCf6911a445838026cC86E343589014a,2be3b2aa8a5657a3fe560a2b9583e977f4ea4f4d,cc2da4820e8d501b3de93e9bcca79de753ec9245257b0a327405a3a02e5c0298,3a8b8d7a56f59a7d6ddd3b374263f0a649af9bca6f102eb571f204bfeb76bca7,A9C63a0723a2FB616A60E5f9A434d7cFA1a243DA,71fB666A8c8614a044cCE3Fc2B76dC1735a5B3be,08a57509c6f4064508b583bb8cd7206b4e359a8291ffe8bec84e5ff32233c429,65ad6660f3e9503eaf76fefd5086468f165159aafbfaf98ea13cb2c044344c8e,F4D51201F29C9fa774d6fBca9EbE1Ec27263ae4b,56844c5ba366188ac018dc566f7be1adf9e064ac,084e976dba46cacafda9fa275adc57bb61a79e2a524c8e8e4125e3f656a116ba,e39f32765a2e71bcd9291c98d42077431c76222d61befc45f8b1e6e46ff6c2ab,3415c0d91595b30c415034e4722edc58c938e71d,33936d2608cc6401cef88456617fbaa71253b280,7affaf40917fb03855258bafc2000fb9b5d6323a4a2c8491279f5822935cdd1f,8fbe41880e001934faf7d70b9efcbca888a613b16da85dc36503d3811d673fb6,431303018DE38c49325443e784a3b59Ac08B4059,eddd94d7b20b14e31820dca27c32e0bcbc94247a,591661aa29153cbef707b81fb5abf277974a48b8fafad8a869970d39ac40d99b,3e25a0518207fe544c4d8d9c3245975d229852c17f54ed358865f3d1bc02bc03,c8c68fb900abf1b9d2def9feca223fbbcc70af54,8F04aE943874D179b381681124Ed989fbD16a4C0,e48f61d0cc4faca71c3bd64d835cd8857f156abf26ce5edd412a89d1a4f18d35,988700c0e2010cd6fe8b1fcda96ce869d07e8e5befa860f564147c1d1bcedecb,56F263d98315b3aCC6689Ffadaa5f75c4BD499B9,3e0eedf39726c28258a40c37935efedc16cbe6b1,0c16c6e85610eea24ef90ae8260ee4462271ec8b82d8492557afae6000f46361,57fe6bdd501a2d28dfd87b7ac8ccbef11e19ee219ec4bf90f6a5b18b05b2ed73,,,,,,,,,,,,,,,,,2/9/2025 10:12:04,oji5frik8tqnslr0sioji5yierpukmhz
Whalabes,0345E72912B847db9a671e57c41a61619E6f1650,88ec7e7fdbff202b024c108c0e205c0a7a6b5ddb,rhavel,raileymatique@gmail.com,5BF591b33523dE0036Ed62555B12FfA99f6CB853,73101C4ccFCc06980944DcF4485Ead471Ae6ED39,https://thor.9cscan.com/tx/7c550b5e31614c5fe7f883c6db1a51ed445d67a18ff24267b90f8741d7c2b035,https://9cscan.com/tx/d7f20ebd6377c2ba554bc9158af7074098ca273adf8d218b21815994d0461847,4db4ADb64FA9600713Ca5082cf3A469C926717eD,0181b81003499844e22B6565F01D73e42C8A29fa,https://thor.9cscan.com/tx/331a21fe06f7c5e3022053e527d1ee32d23111d6e5b467ec3b7abb4853675ac0,https://thor.9cscan.com/tx/7d95c44ad9303b7c39d2722d72cd9996a4fb85c20ef5a23405b6831d5ff59c73,0912ffe4D9313f0Bc6279004695e6E2502fFCBCb,9dd9d5bb536287c41b5de0b4aa18e1368909228e,https://thor.9cscan.com/tx/e9df9f007090728a35f61c3ac9d1a56a46b793968c480f80dfa0a2c737c0e044,https://thor.9cscan.com/tx/1a7c6737abbf4dfbd455472d4b6223cc49e4c4ac6130edcf211380349cdfe521,20e071e4B7E325232610c48A2362bf654D4f4104,0bdb609432eff2bbd0c7c07c082b403491597c26,https://thor.9cscan.com/tx/83463d196a7dc27912976940de26b89160a6b6fa603ffde9e4af7d78ec0cba14,https://thor.9cscan.com/tx/d9bbc0f447e0fbab5752f675f11a6198c2f278d32c7bef5d499ed8318fe2a095,a581AD5fe688f53b6bBf2DbCA6AD8cA7D493b7F6,bbf95e33aac9e7e225cc5137dd0039d43ba9fcb8,https://thor.9cscan.com/tx/0a8d188530618ab203c5a7a0705316c5b778735e262ec07524ef6122d65d3056,https://thor.9cscan.com/tx/fb944e45c41a5efbf1100affd395afc23217b31ea679c538142a9e7a94ed1049,41E5912f10E6E76bbaaEb9d055a851fE2ea90cd3,e1eA4D0a74d0B9F1FD7D44Bf7067d2E31F1c65ef,https://thor.9cscan.com/tx/77cda51882980a594e27b345fa053564821aaa65ca3536b349e3faa3540a79fc,https://thor.9cscan.com/tx/cf94002dc91e9eea7fadce3cecccda5fc5402dde0fb6ba82b3fff3da4b00ca75,a90b930f8e95230b9d0a30eb1f646a5d497f884b, f9cd29951b3addce2a926955ef22a846fd8b1d06,https://thor.9cscan.com/tx/f927627871bdf039eab06b265cece2e93141bc980382c9a3fd2956804b7d5e3d,https://thor.9cscan.com/tx/292575430394aa9341cc105cad28600f9549bf950d970d80f3af2abce3f64fa8,8D45A60b37D09bEEdA9c1C86b7e4d714Ae625254,682cb11142ad298fd875f4d4881078d1b6cf28db,https://thor.9cscan.com/tx/2223424559c664a09b951c0b8ac41be5efe3b0974f7f3892e15608923c89af07,https://thor.9cscan.com/tx/6767d9177b2969513afbb3ae20a55874806480bae09de7d6952103e8a674a5f0,02c65bbdafe91e8c2f6f0a5c35d596795bb2baf0,45ed27baef404429fecdf4a66a371f991a6cfce0,https://thor.9cscan.com/tx/eb0501ba3c3def1b6be43cb4df6757bb0919c34578570b78e846b42fb746c2ba,https://thor.9cscan.com/tx/52c364ac8e137045316d14562515cb3e3c88650b9aa9b237a8f1f91e4f908b4c,35a236518562F8A41f2D68afaA025874B3C9CF9a,524532b65d6fa1fde6e3526ac838a866d41c76c8,https://thor.9cscan.com/tx/d26e77389403daf99a7d0bca4672f2e7dd5068f1924f412bd79f7b3ffc890113,https://thor.9cscan.com/tx/f6ff995937fcbd75b377dad59308d1d293c08fcd4558eacad83cdddbe07f2dbf,,,,,,,,,,,,,,,,,,,,,,,,,,,,,,,,,,,,,2/9/2025 11:22:46,lc3zyoliklqrsk96byi0lc3zyolu6n6i
Thunderstorm,4fcfc4c6c940904e3f687d1b274ad36e9fd6d044,0d3dfe2260884721197899484b33c8f1f57e9181,acrockdeziner,acrock95@gmail.com,4e6bbfd8743e92ae2f7d7418b0a2dcb85cba6486,15ec0a93586b82a1b98919fb508db849f68f1d4f,e54da56aa717f31d9fd4501ce332adc7c5bc9c51e339ab26853a2149921aca87,e800ca49652d8bcb84c13d831efe8093c809a3d5a521d44168b1d54e6373fcb8,af49278a3acd46131cd1f0de50032164f0db855b,403e9e0b68e333b6bf73b2267f11522166db1955,58a94cc6e58528b5c0a87f63ee50def580f20351c3e6a0662c1bd005b383f2b4,18c6e4b56a52a413e3be5c108b498e4a749f79e6cf0b281844b08261c7819978,8a7253bb8e6f46f62b5677e485f49190a5f7d613,2abc180506e8c772687677716ab5e9a35630c9af,91df2682a5cef927297aa291fac5292b1986c11ace254b12a552920a5f5c1ff6,3a515449b8adf3938161d11dfdc7be368f37c951bc09a0c6a0a30ece37ac59dd,1d11e4ddaa6c96811ed0b8cb53b0d97f9185d104,54b925472d839dd8a5dee5353eb9df5d69fb52c3,0f01491aabb3a1097baa2e36f1e1f86845ab3cef5eae0887531d3c7cc309b501,06f746f8d8f773efd1e7e99457101074dce6c62bb4d0791597c3518737eb10dd,6265bc0601e86551790a2b036b7d9ab92e928677,9416001777346a9cc52e49088568b4368626824b,6b75cec064d0b751fec57b8eddc5841be9327ea03cda6467527d8d8c205b8991,cf64fab513c2600beadc92a78a52672d29908f589a972e0fcc5d513e867e3429,484c4342c852c9b8cdb70475bdfaa2f8e93c9a7d,7355c6eb16b02de1dae910cafed9ad8cbb19ebf8,52a251aacd2f8176533a80bbe3ab4ff9454735987c2ad300a151956d22b9be82,828ae561e454b93d3d835321bf66dfd6c6693f6264d7c6f04f656288f4ed5784,c3432277aeb18da385374b0dde5b5651e28f7f9e,6a507a97b1fc24cc0439f2d7aaefc25581c56e5d,b0a8b965344c59417f1161df857fb5e2188c03256322fe0909992567e2835a7f,7eac95c4f605cc4c96195fd4c95160418c8285fcc87a156715faf50bb94e4f2b,e0823d30cd196bbede7eaf910b006b4676b76344,aba2b4c9aff017708630ccfface240fbc2c129c2,499b0ac2bf3276099d3392eba53cd37c843b7deb927e8fbc289a8a47226e3220,500328cfbf4fa9a33226bada68df32c5931ca40fe468ed695e7974c90a6f9634,d50f858f01f5fdc859a39b826beb55c47e110612,65ec8e8b0a5ac53321817af07d7e4303b15145aa,d5075923aef1dcdb564bb1ec3869a474327908a016c3d633809050128bf96244,08c5436d10f3a44d14065f586607d0ca58295115666c6619bbbe28d1041144a4,97d6f9da53e02915607d21039a4b1ad24be8bdd1,a706501be96342308453b56b61047c5521422694,a7739446440f47f2c4699ad78921e4139b36216e88029adc98d2d6be0eb34dff,d0d99908ed5a44d43fb4900b41af7cac7e85ebc20fb8a3f8fc4b5cb34f4321df,5cf072860c8e7b3b84c93468e98de526331ed483,69f403d05084595f29f4373fa2facdade01c1ab9,dc91690c13babf59c5d87c3f0208ccd9e8e63364024a6057e002b109476c6738,bf8fb7bc21058fd456469a473247d81ad153b72e759fad8989537bd99ac43b99,281e84987659f4f9c7458c68ce23ba110f276be3,f456f7790dfabad8fe498b1be2c68a958de7a97b,c2ad320860012bfda204bb47110b82b7812273de92c1af3860aad0157e286034,e82d5ea5114734e42c6481c0c016428844e7ea7025cd166b911591a9442bda15,7a85591cbf9c8c11336e128a6e4a114fa59c0bb8,c42d3305dcd199aa755f1dfe859bf9238915181c,7f1ba92cd84a6347a53a0123389c385f3ba9e7a2a2f0399a45dc660d070e8bcd,e666106bc670d8d4e0633f22a1d8df37665afd4381a5c99d3b6b1e95e2f57a39,8361ff55b1854ffdcaf313539fd0fd561b64cc39,fe1f732ed4b81084319521da9a36a783027139bd,41563995fd73260badef8df0af3c58db5179acac1151d912b27632d35f627438,8654b00d422286bd5c6f10700ea9cf6733a3db53a020492b4fbe9660663da3a5,dcf65295bb89146bc1d23928390680a521115725,cc0b6d014e3ffb4e430189b4d88271767fd6ec26,58e24ed45bbe8936a52886a810c13dc8f0421c4cfebcadd34e77be86268846c0,90fbf5e9e5bcaeb3689c5dd67f9966fdc9df9b74e58fcfbe97f06c396e2fefae,d2837c2856861c31d0e117eaf40651781ba811e6,500e94a63339ac2069e157d6648f6a903d4131fc,74e2427e2f64af0cd1d4b1df918fb2a6b2c2bb71401bffe35af88be32935f345,fcf0d535b9e99273f7390054c9b93652a9344782b48dfd99d5c2985697b3842e,0e4a82dae6f86d8865c3e69bf8e3b7971f5dc409,94d01b4560fe16e771281fe34aee4aeb386a9d0e,c80ae38dcad81343e7ddd11f7409f6ce6491628df033a3d79dc893b9219aedf5,053bf111fb622c9e2966ebae40ae73062476ebe6b54ec1179b5cba336d880128,3607a340e88919d9b78fe265aa665693ab304a4e,64afd3d5dbbda9ff198b04dbfa63f481db09f016,2abdaefed20692f5c8a06c76dc53413ca3296652385a4446e199cbeebd06a7be,eaebd346952f8d3366072efffcc27ac5f18335b7fbafe1e5d75755b1faea9160,,,,,2/9/2025 12:12:11,5imewpb8mblaurjjezs5ime9lfy5l6md
Asgard,a49d64c31a2594e8fb452238c9a03befd1119963,3b7a47daaece48807fc00a310b05bd9f5d26736e,fiox,faprivado4@gmail.com,f063d4e268b3db820f8a7e60c35ce8208816e285,bdef4aa00d5ca4401de8e57aabd3e366af2951bf,https://thor.9cscan.com/tx/3577f9d26c185926ebf1635c6fc54e65b80b77ae0daec8ebc2422c91187aa0f2,https://thor.9cscan.com/tx/aebf41c9d8a3ee0d0cad8b767a5862ff9015d2b9982160a742156b3fbd7a3aed,9f308145df28bf84031e9d827212a7e14bb72eff,620fcb60772c6272e63c5420e0393046a3ebb82e,https://thor.9cscan.com/tx/8bca3de888ed2dfd4e96794cc72927e73cfe39319f196c38ca3920d10c823af6,https://thor.9cscan.com/tx/34427092711ae637ed48b9f8f5192d78533ad83c99d3f4a15bdc59f9a329dd51,d2631b652c33d41c0a201f2d7df4eadc11e9d1f4,D638BB568649190cDdc57E9CACC204EaC976985e,https://thor.9cscan.com/tx/4ceca8fff89a1a7d89d48d480d6d7f0cd31d9843a4df04240219d42d6283601a,https://thor.9cscan.com/tx/d18a3b8801d612e04fa92feef9dcb1092501e8f114447c107b9044f64cd10541,d478d3a6cfe30c32f501e80d1d228c5d2881c4cf,e647582fabf2d5904520b2587084b9d87e350ef0,https://thor.9cscan.com/tx/02b2a029a7c68074a1d8923744e77682ef71ecd64f4c70aa5c59809cd7cb9a95,https://thor.9cscan.com/tx/76d8946474691096007fc95a2021bf923637804172a088a9ce3330edea8c74aa,f5fc24a5e67c99c405ade032fb448d4ec1d8a4fa,3e30d01fd741201deb9e6c7fccc81c6af2f24c85,https://thor.9cscan.com/tx/30801dc2fb1d5b724cfdfe176202bb14f9a3eab569f913a2d625fbc5399d9a76,https://thor.9cscan.com/tx/5af98eccfaa76492e5846af6463471ed06e3ff9df9b9518ab8d7396d0328b927,160697e3c076f712614a8c1ea645274e084b58fa,79BF5CF164E678A83C42c8210f49012e6D25786F,https://thor.9cscan.com/tx/124e97e243b9a3d2f90c6510d270ae0e849a37d8b65a0839941ff763a0313697,https://thor.9cscan.com/tx/676a0728ea10d64253d8a312adba51da1ec77a853d8eda02dbaaf4098c6be48e,adcf0cd093e5eb16b6308fc289b288be2d0bc32b,0acefc05288289af43a5dc367670d1f0d35d0bb1,https://thor.9cscan.com/tx/e518c38cbe982ca7df3f365c0bc44716d2d8a10adcd90a5552f32e69281ab6d6,https://thor.9cscan.com/tx/16671f6c5e31b5c00059909f512a89e0936518e89f8b53a5974cedaae84c08b6,621ac3b57174e5c801cae467574bfd1eafc4be47,38d87332664c575a4a79adcfae8a45e26b2527ec,https://thor.9cscan.com/tx/77f45a6e5bb27c03fa2e2cf586c216f80e779068eac546233d6f48ab0dd83c85,https://thor.9cscan.com/tx/3f932a757732ee72d130f6ed18307bc68b58aa03f909614e6ab2696c67920e10,85bc8060031264ca7d75d388b03bccf292107ce3,F997623a59B46612836c201A184A9487803208f0,https://thor.9cscan.com/tx/5a5581c173654db82fc10513ef60da17e13af90a3498057010d987319c3861fb,https://thor.9cscan.com/tx/34ff4259cbadc9d757b26aeae85c096f36a18aacb5b3828385f0b4730e4c51be,50082c5632ade689ecd71a02a70ffd2947be255a,becB71066e4066cA29B994F28C44ed707EF69aA5 ,https://thor.9cscan.com/tx/7cb9dd0ffa237756894ed657f8792cbe3ab3ed0c6b350390deefa48e9d401c07,https://thor.9cscan.com/tx/3ea33e759a85cfaae13046e65c1af3e4eef6d59aebb33d3e7659b5e01c5f85ea,e9b4d9f3de9a23dc6040806a8cfdc01caa774948,f7842a517f2bc21a9f9fee062801b00c0fbf3f4b,https://thor.9cscan.com/tx/98075bcf5e286b1f6604e91879282624811d9273e02480b8c0baa259a0bbe90f,https://thor.9cscan.com/tx/9fb9a3d1815d6ec0eb90be54eac2edc53cdc44da4218464e2ea5ee778286b19b,,,,,,,,,,,,,,,,,,,,,,,,,,,,,,,,,2/9/2025 12:18:36,7m8d86ltznhu7cov7m8d8w6xwsnz8sjb
Valhalla,c0ba278cb8379683e66c28928fa0aa8bff3d95e6,ab44635462880666daa7f2be5a21c71c1590ff2b,wabbs.,cosmin.sherban@gmail.com,50df875cbddaa0afe9c20554e988dca97395dc87,b326d255ce65137eaaa7494258ec020aa5cbbc01,https://thor.9cscan.com/tx/98505042fa7f568b3337cc6962663fca9b41335167cd4cf692ee5b0be8c3f0d0 ,https://thor.9cscan.com/tx/f637319a3332a621e39dd61b494f7a5839e3593fc008a3a9c8b7014ff27ee68e,234D434410848BFd72541481DA7a22d80E857273,1bc2bba66a0bbdecf4450408eb0eeb9bab635634,https://thor.9cscan.com/tx/1435b994be64cd49b915001f3dee90b4ef1bdd2883050600ff6bc6fceb83e0db,https://thor.9cscan.com/tx/fa77c378db5350a13ec5ef439f36ad6af45348cb89e2508e5c6ea5c45fee327b,6cf975a52f00fb62bbda2e16ab74b46e67f36edb,020e8b48434404ceccbe7f3da51416d18aeb0504,https://thor.9cscan.com/tx/9404e693ecdb23b46fafd51a6820aa448f6038de6026850a243453e49263fa6,https://thor.9cscan.com/tx/1533cb426568c09755ab12d7e395aefcd66ca9652d80e59ca0d779419143a567,707f782b98d936e226983c1b2a8619ef4b366808,2692d73a42627f137b42cc819726f25580a23137,https://thor.9cscan.com/tx/8e782545dcb6d8db65cadf10dc7a837768d006d99cd92e4a09e9e47e16de9dbb,https://thor.9cscan.com/tx/4b725aa90844fce101e7ce9b3b763896339e547fe980b1679eda2352d77b32ad,ec73473a7b6359825d94cc19557c319d7cec5fb3,9e57c049fe0c7bf1e63a7e372aa830e260c2e882,https://thor.9cscan.com/tx/fb8268881162ad6eb61a9f721a593cdf76a842ef7c3b20ef598759b30067d1b3,https://thor.9cscan.com/tx/f759b0413257c502983232c62817818ff1ed47d6c0fa6fdd2a1eea6172102707,f4ee4d35211e236100f2b568abd93dd1f037ceaa,9c042c79044851a37ba696f9707776ff7e77395a,https://thor.9cscan.com/tx/93fbe02264270ee4e53ed0954917be1f88be471e975ef357b8f438d0d238ed16,https://thor.9cscan.com/tx/58eb871c59d86566d010e92ed77dccacbad7a8b26a6802f982c9c4849ec344a7,b9aaa7ac95c5114f4b0e3909356a7581b93fe964,0e9d5f7429f588086b6135669e85d26b5d889d12,https://thor.9cscan.com/tx/0f81b2a9f4dd38421f053e8626e1a560e21d9fe57d4d25122b8067e2f2808409,https://thor.9cscan.com/tx/52d0a488525b3c3a7942d488df38975e040056ce91dd2934c969369319dd3e59,c46C0A2BAFfAffB6403bEA2FfbC36f68eA9a1C35,14e987F38c2896d799e44aEfFa65C9BdBfDCDe38,https://thor.9cscan.com/tx/0eafeae8d011e1cbe1e1a74b41ab4702ea22b945ff33309fa7762319c1c795a7,https://thor.9cscan.com/tx/5f67f1a35e10bfda002f9325cdb44b7ebd933c0b33e054a526803b5ae2eaddb7,105c7149c88387af229bfa6b322608d6c8db53b7,65Fc04115cf9859DCfC5a5AaB86515D968Bc8fca,https://thor.9cscan.com/tx/7c14fce47b31f5fa91ec20b82456541a9be41695cb649c22ced7a8165b2ce03c,https://thor.9cscan.com/tx/3db230d580702e881a65f452a1cf1ce067e552549087fbcc284f1811b3dde341,2ff6f9fd3c013f37bc34c3efcbdd997f00617595,c28f064f65594941689f911f9d67fd3251a87768,https://thor.9cscan.com/tx/cefec7e74db4d4e7d6ab4eb1465ad871d6dd59f9baed4f51db0f7609f1933446,https://thor.9cscan.com/tx/34bd095dcce6d32fe0d5a869fb0b2df6da3a52a94c84631eca5ecce46b006dba,9d3b9f6939c980ad52b6046425f6973ba7ded997,cc37c4abbd96f978af5ed3b85f6346f0029fa4b6,https://thor.9cscan.com/tx/72464f4a6f0432ed4f4af6aee631efd3807d8ce455ec9c96f63d980ff2218790,https://thor.9cscan.com/tx/c39cca8f2be934b2a9f9a6e755608eeec68d1eb52ce9f13c51deca6e9340ba97,416b90ba3af064aa8b31a3646d56dcfb5cc4e3f4,fc267f569f2d8967070c0a9602d671935ffd459a,https://thor.9cscan.com/tx/04eda168f3b9c6b30297300f9991fd690a870d6e63a3c28d3e13f01081c4efea,https://thor.9cscan.com/tx/f3b359f0c505d69de8b1f13371c7a5ca500b5a53004bc70d8af0065c870f049d,c94e18e8bd29c99f37785b9416ed02eaf42e04a9,ca34855773978dcb4cdde2fe8c4b856842ac2c1f,https://thor.9cscan.com/tx/6dd13f54e68e6300a936abd603e412474e873ea418e6d68b5da3cb4f49115504,"technical problems, he'll do it a bit later, sorry",,,,,,,,,,,,,,,,,,,,,,,,,2/9/2025 15:05:08,bjnqqqpky5ojuum3gbjnqqh92kdy295w
Akasuki,53f1ea2f7a3cd72b9b9a8523ae6f88c60ec9dbcd,514708d19753a3589548ec05bfa5787d66ebab37,longsword99,hoangnvz92@gmail.com,6374fe5f54cded72ff334d09980270c61bc95186,f96d67dc290fce628d5e0362725e1f660fdcfef4,8be70647a9b4f75ed63a42ef17664f0e0eed05a74e926940045eb4ad2b2c5093,d5dd31b415f3a759decda03a655384d99ba6d9aa7fa46d60cd44eb5cad22dd6e,08eBB02E0E94e0D508Dd74045270ec313E649C7C,677b8d2fb7a5fad70b7707fc88c10475d5d721b4,208854faa08ea6040c11cf8841534130ab0dc5be2a94f5238f233fe03c85a74f,74e563adbad6e7f48c9d3161628a6b18631951c92b1f81b252e2a0d1bf82104f,11eb43e6cbc5a043ad8f6f5677d8525399b0c988,e5825E436441f7e73bE3a36ec646eb376714d0Ac,8f51b71d3c1d4fac7d98ee449dfc4e30bfd74ff23335ebb5a6131044ae89d158,c2dbb25d1c00f466f589460fd224c90aa87fd488bb5680311af540a6d607f1a0,57f16df9336bec153e15adc828128d27391882f0,9a5d17d91882aff267f6ffb4a981508da27bc7fe,6c5d440b9d2728073a23033ae0f2c059ffc4a381122bbec717e40958311789e6,92c069b649c6b935c4be2a34832c776788cf48352f358e78ffe1d2d3e63c10bc,94112e856c927A67f184CbC75fd56cdF70EA35d5,e57c42d4ad0e6c67db0ac8b79f9894762452b80e,eaa7ae17923775e53980dc15bfe50abaca3a60bd7342b90c546644d368c9d62c,bbd22e2d2bc4cb45e0cc51a6026a86d840030a5ca2206164eacebac796180b0e,60ea6E529bFEdB690aa97d205ec0eB3a871F54BF,832f66001ac6d0e8f76a345b2bc211aa0b5e89e2,d1078b6accaae659358a5bc36f4d115802031360ed224b3d1df5b59db29aa01c,4e79650e8e1f206e725189a7d28214946243195c0d0d1ba911bc12a0671807fa,a0E82Ba0B85617C1500ACAE436089900550a8923,79b370e75aa0228d705298d1a67fc68b846aab50,b7337dcf7d8db7a16290a4334d1eeb62beae3b4d7d510579b61eaee90e59322b,55c0ef60dc5d41203501511a6c55e83c59b0c2d6c0381746ebc5f6bc6dd2dd35,d9018AC1B73693E7a0D76395E91a3c1ffDE5e4cC,92506d328c1c2919aeed0e39f334f3a458a62a7d,506a2bc8220c980ecb2b0711f337c073fdd68395c67f7bbdfbe7504625507134,94061bc2f79fc752106482dc23af36bcc10929bef6c7a61e3f3f43c807d04a1a,dFc58E4d631B2B372DbbCd85578DdBa917Aaf33F,0BD82B3dac77Fb779AE16d178b3b1739ef89cc60,e212090479c284355346d9665aa7b6d0400a641e3e17e4cd4f81cd930acd5d1a,6a8ebbcfd5acc92538fc2f47092f42c1da3182f372cac93de1945f8da8314a7d,,,,,,,,,,,,,,,,,,,,,,,,,,,,,,,,,,,,,,,,,2/9/2025 15:32:17,sepgd54yhujv07orwpk0zhfytsepgd54
Clan,07038BEF9AC34D50a699192C53A46e9e873cC5Ab,02bd00a9d128eefe231d988c6de2149da3a2cae4,jaeho,freeless@naver.com,8129A10a23d468377c2e0CE553B4914C161c158B,dd21dcc1a9d393550a49999363e383c8409ee1a2,7e5ed2c4d1cd6cc6c66dbe87e73af228eeb258773850434c04a3c3aad0719c77,003620c643d241e546ea25cbe1c050214f787a942f89a05f8fbe414d65478048,E0932D9F99Ec69bBfd9A0Fd78C42c27C18b76297,888e30815e99458d98cf1550de5c7b897b5bee69,b16111867559c8a79a10aa969e1fec2abdeb25551d5c5433389b1986aee54334,eccf9fb9b36b8df397b5910bd8bd6d5fdeb7ca891df8bb09322de64af6276a8d,d3D1EB3eEb53f31D54f80614E9bA25b918f92c9d,605C995400D61D9001d566d8F9351A0eA9612Bda,6fe8b9a415c7ae91474276af2cfe200cb06acfc505b8538e89e6b3c0852cb9cf,d57290d2de40073342c6c320eef9abf66dd6153e5b651a429e21bf0d5e2fadff,3146fe0e47a1998e14cd8a33640e3648a5a90276,e55bfdec6f59c418029b35c5276e2e9f18c176ed,3e9e4f3386d4b95c0e6c683ecfb89d01d0fbfece956ebaccbafd3001a32a4e74,0a033060e4acd8f7282e653e087121c79aaec21fc3f382e9746aff0541cef8df,3A73d8bC927D66fB6a6dFd8adB414EB0f34F3c72,c2dae4f467ed594100a96cb8039dc63aef3c22f6,85ff989c92e1fb4821125c672694c01090c3a1e1f5ed89a372376a6d0f1f8fa6,13b12c0adc8c4e8912f1c6eab6bee4575e552c5a30e3109a49f366aca8c24dc8,0784263E46610B5aEaA410eD84d997D50e3b8833,f595c8d1868baf9987eff6ef37b77f9d5e7c7be8,13b04d5f9b2f315cc7fbc98833600a81a06808878b6c3b9968db09e275422eeb,ba27e56cde30d4144b3416de41f7bd7bc1c134708df1dfd1af359a54bce7eb60,F108038Af6718BEA76A6Ad421D227AAC5eA10F6E,930d1c136fe5ca82251694b4518f510926399120,bb4e07d1c8c7d99543f41a6b2a16b870f41a753422e9738d8916958a9258b2c3,310d909be801f7c3cbeb61834fd441119d80a2bb876461e84503702e3e9f4d72,379781Af2011e482A754A12b3A32f2Ed4Ffd89e3,8EF227699a4699edd3a03Cf804f195A6c368765F,88019b97bd4139adb5e6296a33528a6ecb40f42136aecc747075f4da1d3e3d5a,01e95dddee6124279ed51ca9efcadeec1559db5f98217a9f9f77047f55583e8d,90281552ddF5eFB0dD393038832f022E33c94a57,d273d8f7ee2c2546f375a6540d5afec7a7bfb7ce,f3246c12d726e683abec4178f39df3148f90218164e86e3f894f600ff7afe8f7,aa4a38be2ade6ca82df5e1751518d57472f9dc73f803fd4aa3c167a854915c45,,,,,,,,,,,,,,,,,,,,,,,,,,,,,,,,,,,,,,,,,,